price,latitude,longitude,city,operation,surface,rooms,elevator,parking
850,28.413706,-16.545883,Barcelona,rent,40,1,1,0
380,37.14046,-1.8495167,Barcelona,rent,70,2,1,0
850,40.438046,-3.6374838,Barcelona,rent,50,1,1,0
1100,41.37288,2.1585915,Barcelona,rent,63,3,1,0
795,39.50505,-0.43956175,Barcelona,rent,70,3,0,0
360,37.14038,-1.8495,Barcelona,rent,60,1,1,0
1300,41.39406,2.175263,Barcelona,rent,56,1,1,0
2330,41.36763,2.13504,Barcelona,rent,76,3,1,0
975,40.34913,-3.53466,Barcelona,rent,79,2,1,0
2000,41.36763,2.13504,Barcelona,rent,59,2,1,0
1700,40.44506,-3.700157,Barcelona,rent,120,2,1,0
1050,40.37527,-3.62695,Barcelona,rent,90,2,1,0
920,40.50262,-3.38306,Barcelona,rent,63,1,1,0
1935,41.42518,2.20628,Barcelona,rent,73,3,1,0
2450,40.427303,-3.6861687,Barcelona,rent,90,1,1,0
850,38.993988,-0.1657688,Barcelona,rent,97,3,1,0
1590,41.44887,2.24207,Barcelona,rent,60,2,1,0
1390,41.409687,2.1711717,Barcelona,rent,69,3,1,0
1500,40.447327,-3.7099147,Barcelona,rent,120,2,1,0
1400,41.41075,2.1751344,Barcelona,rent,81,3,1,0
1840,41.45605,2.20825,Barcelona,rent,81,3,1,0
2000,41.40882,2.1374154,Barcelona,rent,68,2,1,0
675,37.99298,-1.1004212,Barcelona,rent,106,2,1,0
1620,41.27688,1.9728745,Barcelona,rent,131,3,0,0
2695,41.466225,2.0446198,Barcelona,rent,264,3,0,0
2400,40.44613,-3.6998477,Barcelona,rent,170,3,1,0
1345,41.427586,2.162881,Barcelona,rent,65,2,1,0
1390,41.407322,2.1743495,Barcelona,rent,55,2,1,0
1000,37.611237,-0.9938721,Barcelona,rent,174,4,1,0
1120,40.485687,-3.652047,Barcelona,rent,51,1,1,0
940,40.34951,-3.534441,Barcelona,rent,79,2,1,0
695,39.974716,-0.04172,Barcelona,rent,80,2,1,0
700,41.620365,-4.799471,Barcelona,rent,91,2,1,0
675,41.620365,-4.799471,Barcelona,rent,91,2,1,0
745,41.494633,2.0336719,Barcelona,rent,62,1,1,0
1100,40.42463,-3.6703618,Barcelona,rent,50,1,1,0
820,39.508938,-0.44263312,Barcelona,rent,96,3,1,0
950,40.231827,-3.7683575,Barcelona,rent,81,3,1,0
785,43.368103,-5.847137,Barcelona,rent,72,1,1,0
2600,40.421936,-3.690208,Barcelona,rent,34,1,1,0
2900,40.42215,-3.6899562,Barcelona,rent,60,1,1,0
5900,40.42334,-3.685865,Barcelona,rent,332,5,1,0
900,42.804493,-1.6926217,Barcelona,rent,83,2,1,0
1630,41.558903,2.0040689,Barcelona,rent,128,4,1,0
1840,41.404823,2.1550052,Barcelona,rent,177,3,1,0
830,39.46851,-0.42580694,Barcelona,rent,74,3,0,0
1495,41.4119,2.181898,Barcelona,rent,62,2,1,0
2900,40.422333,-3.689928,Barcelona,rent,60,1,1,1
3550,40.422207,-3.6898549,Barcelona,rent,100,2,1,0
1590,41.38249,2.1814287,Barcelona,rent,60,2,1,0
375,36.838894,-2.6202452,Barcelona,rent,70,1,1,0
2900,41.392014,2.0122561,Barcelona,rent,69,2,1,0
650,41.55608,2.001836,Barcelona,rent,33,1,1,0
1400,41.409306,2.1652555,Barcelona,rent,101,4,1,0
1550,41.405838,2.205807,Barcelona,rent,77,3,1,0
775,36.728024,-4.435757,Barcelona,rent,62,1,1,0
780,41.117897,1.252005,Barcelona,rent,64,3,1,0
675,37.605556,-0.9821853,Barcelona,rent,110,4,1,0
1495,40.485687,-3.652047,Barcelona,rent,60,2,1,0
4550,40.50592,-3.6066842,Barcelona,rent,220,4,1,0
2200,40.405525,-3.889524,Barcelona,rent,176,3,0,0
800,38.36459,-0.4944547,Barcelona,rent,91,3,1,0
625,38.082565,-0.95155984,Barcelona,rent,106,4,0,0
1740,41.43503,2.2383442,Barcelona,rent,80,3,1,0
1800,39.494175,-0.40218732,Barcelona,rent,89,2,1,0
2400,39.583344,2.6264136,Barcelona,rent,100,3,1,0
2000,41.40891,2.137561,Barcelona,rent,130,3,1,0
2200,41.38395,2.1258218,Barcelona,rent,107,4,1,0
2700,40.43419,-3.9986281,Barcelona,rent,350,4,0,0
700,42.342743,-7.8622475,Barcelona,rent,80,2,1,0
2000,40.452557,-3.7033265,Barcelona,rent,180,2,0,0
1450,40.414642,-3.6961176,Barcelona,rent,88,3,0,0
3850,41.401886,2.1353292,Barcelona,rent,263,5,1,0
2950,41.386383,2.1247725,Barcelona,rent,180,4,1,0
890,36.13537,-5.4593716,Barcelona,rent,100,2,1,0
950,36.1366,-5.448891,Barcelona,rent,120,2,1,0
1150,40.48107,-3.7307653,Barcelona,rent,71,2,1,0
2200,39.565773,-0.5321903,Barcelona,rent,300,4,0,0
2200,41.38697,2.1730206,Barcelona,rent,88,2,1,0
900,40.357285,-3.7783022,Barcelona,rent,54,2,0,0
665,41.620365,-4.799471,Barcelona,rent,90,2,1,0
1150,36.723312,-4.4367194,Barcelona,rent,90,3,1,0
1300,43.538483,-6.1171184,Barcelona,rent,150,4,0,0
4500,41.395363,2.1658814,Barcelona,rent,255,4,1,0
725,41.49507,2.0355322,Barcelona,rent,50,1,0,0
4000,41.397915,2.1400273,Barcelona,rent,243,5,1,0
2800,40.42008,-3.89832,Barcelona,rent,315,4,0,0
570,39.66002,-0.42674676,Barcelona,rent,60,1,1,0
750,39.99286,-0.06068,Barcelona,rent,113,3,1,0
2500,40.45246,-3.6719847,Barcelona,rent,366,2,0,0
10000,40.46447,-3.749483,Barcelona,rent,630,4,1,0
680,39.974716,-0.04172,Barcelona,rent,81,2,1,0
710,39.974716,-0.04172,Barcelona,rent,87,2,1,0
3600,41.46468,2.0732126,Barcelona,rent,392,5,0,0
850,28.403467,-16.577604,Barcelona,rent,40,1,1,0
2400,40.42169,-3.7095253,Barcelona,rent,120,2,0,0
1500,40.453884,-3.5882487,Barcelona,rent,173,4,1,1
1600,40.466026,-3.7078269,Barcelona,rent,45,1,1,0
957,40.358994,-3.7008636,Barcelona,rent,78,2,1,1
2500,40.646694,-3.7861817,Barcelona,rent,248,4,1,0
1500,41.37713,2.1806555,Barcelona,rent,63,2,1,0
1200,41.40309,2.1360729,Barcelona,rent,34,1,1,0
3000,41.390194,2.12651,Barcelona,rent,119,4,1,0
1100,41.066868,1.0568978,Barcelona,rent,91,3,1,0
1250,41.066868,1.0568978,Barcelona,rent,120,4,1,0
2300,40.43627,-3.6933415,Barcelona,rent,105,2,1,0
1750,40.41549,-3.67243,Barcelona,rent,105,3,0,0
1465,40.34011,-3.67954,Barcelona,rent,45,1,1,0
1525,40.4856,-3.65159,Barcelona,rent,60,2,1,0
2200,41.403492,2.154587,Barcelona,rent,80,3,1,0
1820,41.37807,2.17497,Barcelona,rent,68,2,1,0
2250,41.37661,2.17354,Barcelona,rent,76,2,1,0
1720,41.37661,2.17354,Barcelona,rent,63,2,1,0
1800,40.4224,-3.66528,Barcelona,rent,85,1,1,0
3500,41.392265,2.1659756,Barcelona,rent,190,2,1,0
1700,40.442,-3.67385,Barcelona,rent,60,2,0,0
1900,41.396065,2.1401913,Barcelona,rent,90,3,1,0
3450,41.40882,2.1374154,Barcelona,rent,107,4,1,0
2600,41.39742,2.150513,Barcelona,rent,66,2,1,0
5292,41.39645,2.1464524,Barcelona,rent,286,5,1,0
1800,41.36763,2.13504,Barcelona,rent,59,2,1,0
1840,41.36763,2.13504,Barcelona,rent,59,2,1,0
2360,41.36763,2.13504,Barcelona,rent,76,3,1,0
1700,41.45253,2.2378,Barcelona,rent,101,2,1,0
1700,40.404095,-3.7067125,Barcelona,rent,96,2,1,0
1235,40.39781,-3.5531,Barcelona,rent,85,2,1,0
1800,40.41259,-3.7012835,Barcelona,rent,90,3,1,0
1325,40.39781,-3.5531,Barcelona,rent,108,2,1,0
1200,38.3479,-0.49220678,Barcelona,rent,115,3,1,0
1650,40.41989,-3.710543,Barcelona,rent,70,1,1,0
12000,40.42551,-3.6735945,Barcelona,rent,415,4,1,0
4000,41.381565,2.1802638,Barcelona,rent,135,3,1,0
850,37.39723,-5.923865,Barcelona,rent,140,3,1,0
1090,41.60392,2.2841713,Barcelona,rent,56,1,1,0
900,38.537357,-0.1446718,Barcelona,rent,90,1,1,0
2000,39.469353,-0.38903183,Barcelona,rent,105,2,1,0
1800,41.397717,2.1517987,Barcelona,rent,110,0,1,0
1575,41.361095,2.1351132,Barcelona,rent,96,3,1,0
6000,41.393673,2.1734786,Barcelona,rent,238,5,1,0
1950,41.389793,2.1421123,Barcelona,rent,146,4,1,0
1850,41.39368,2.1556497,Barcelona,rent,115,4,1,0
1600,40.45884,-3.6807947,Barcelona,rent,63,2,1,0
1950,40.42783,-3.6887743,Barcelona,rent,70,2,1,0
1900,41.379963,2.1283283,Barcelona,rent,70,3,1,0
2860,41.40549,2.2001708,Barcelona,rent,103,2,1,0
1700,41.405476,2.1776547,Barcelona,rent,68,2,1,0
2600,41.39671,2.1308835,Barcelona,rent,155,3,1,0
2600,41.388184,2.1552916,Barcelona,rent,50,2,1,0
1400,39.478275,-0.38211575,Barcelona,rent,102,2,1,0
2000,39.464474,-0.37749773,Barcelona,rent,87,2,1,0
1550,41.38345,2.1532834,Barcelona,rent,82,3,1,0
2500,41.38983,2.121019,Barcelona,rent,110,3,1,0
2300,40.431786,-3.720492,Barcelona,rent,73,2,1,0
1700,41.394337,2.1558716,Barcelona,rent,70,2,1,0
2580,41.401207,2.166408,Barcelona,rent,115,4,1,0
3800,40.435356,-3.6803951,Barcelona,rent,163,3,1,0
2860,41.40508,2.2006156,Barcelona,rent,88,2,1,0
2800,41.399124,2.1495616,Barcelona,rent,128,3,1,0
2400,41.4098,2.1812553,Barcelona,rent,110,3,1,0
2400,41.38877,2.145766,Barcelona,rent,138,3,1,0
2300,41.37854,2.0779278,Barcelona,rent,113,4,1,0
3850,40.428036,-3.6998923,Barcelona,rent,145,3,1,0
2700,40.431606,-3.6948316,Barcelona,rent,96,3,1,0
2200,40.467365,-3.6741362,Barcelona,rent,132,2,1,0
1390,41.41099,2.1819692,Barcelona,rent,69,2,1,0
750,37.89137,-4.783929,Barcelona,rent,94,2,1,0
1000,41.40972,2.145112,Barcelona,rent,165,2,0,0
650,37.606377,-0.992982,Barcelona,rent,47,1,1,0
1200,41.551937,2.1117468,Barcelona,rent,86,2,1,0
1850,41.39921,2.1544752,Barcelona,rent,85,2,0,0
1600,41.384136,2.1274054,Barcelona,rent,113,3,1,0
2400,41.431976,2.237797,Barcelona,rent,118,3,1,0
1790,39.457935,-0.34647238,Barcelona,rent,120,4,1,0
1900,41.397667,2.1932547,Barcelona,rent,110,3,0,0
1300,41.37779,2.1633961,Barcelona,rent,40,1,0,0
1500,39.463676,-0.33128446,Barcelona,rent,75,2,1,0
2900,40.44362,-3.6974537,Barcelona,rent,160,3,1,0
1100,42.8045,-1.693407,Barcelona,rent,100,3,1,0
1600,41.421684,2.1975274,Barcelona,rent,72,3,1,0
650,38.471893,-0.8015488,Barcelona,rent,105,3,1,0
630,38.004444,-1.1415493,Barcelona,rent,75,1,1,0
2100,40.486618,-3.6654375,Barcelona,rent,135,2,1,0
1500,39.535336,2.7197034,Barcelona,rent,70,1,1,0
1200,39.470753,-0.37905577,Barcelona,rent,85,2,0,0
700,43.535534,-5.6581063,Barcelona,rent,55,1,1,0
1400,41.38383,2.1747215,Barcelona,rent,75,2,1,0
2000,41.383595,2.1482444,Barcelona,rent,98,4,1,0
1850,41.46867,2.071559,Barcelona,rent,133,3,1,0
1550,41.409763,2.1723628,Barcelona,rent,78,2,1,0
800,37.968117,-1.2174538,Barcelona,rent,140,4,1,1
1700,41.377155,2.1390858,Barcelona,rent,103,3,0,0
2400,40.43478,-3.7186882,Barcelona,rent,90,2,1,0
2900,41.389,2.1750548,Barcelona,rent,177,3,1,0
1350,39.47436,-0.38629967,Barcelona,rent,100,2,0,0
2200,41.481194,2.0725074,Barcelona,rent,95,3,1,0
1390,41.400158,2.1567495,Barcelona,rent,45,1,1,0
220,37.33279,-2.30531,Barcelona,rent,106,3,1,0
5850,40.448208,-3.688331,Barcelona,rent,350,4,1,0
850,41.619785,2.6674514,Barcelona,rent,79,3,1,0
850,41.62795,2.687959,Barcelona,rent,80,3,1,0
2050,41.393654,2.1233885,Barcelona,rent,100,3,1,0
2500,40.416355,-3.6735356,Barcelona,rent,100,3,1,0
2400,40.45345,-3.8653924,Barcelona,rent,160,3,1,0
940,40.383953,-3.6460845,Barcelona,rent,57,2,1,0
1350,41.406742,2.1690667,Barcelona,rent,66,1,1,0
1450,41.400356,2.1469994,Barcelona,rent,45,1,1,0
1790,41.44884,2.24204,Barcelona,rent,66,1,1,0
1800,40.47144,-3.708371,Barcelona,rent,92,2,1,0
2000,39.472874,-0.377809,Barcelona,rent,60,1,1,0
7800,41.403713,2.117856,Barcelona,rent,200,3,1,0
2750,40.417824,-3.7109077,Barcelona,rent,150,4,1,0
3000,40.425785,-3.694507,Barcelona,rent,110,3,1,0
1100,41.115795,1.2511525,Barcelona,rent,91,3,1,0
1250,41.11358,1.2520505,Barcelona,rent,120,4,1,0
4900,40.444046,-3.6919541,Barcelona,rent,218,3,1,0
2000,41.383366,2.172905,Barcelona,rent,60,1,1,0
1700,40.452145,-3.6727512,Barcelona,rent,80,2,1,0
3650,40.452248,-3.696132,Barcelona,rent,220,3,1,0
1500,41.381496,2.168843,Barcelona,rent,76,2,1,0
675,38.02033,-1.1788936,Barcelona,rent,149,4,1,0
930,40.39578,-3.6628537,Barcelona,rent,52,2,1,0
2450,40.465546,-3.7849102,Barcelona,rent,153,3,1,0
4700,41.39337,2.1741824,Barcelona,rent,190,4,1,0
860,41.53209,2.1195147,Barcelona,rent,65,3,0,0
3500,40.454594,-3.6899812,Barcelona,rent,272,5,1,0
1040,41.44883,2.2120655,Barcelona,rent,65,3,1,0
840,39.513607,-0.41191536,Barcelona,rent,79,3,1,0
950,40.244507,-3.7637541,Barcelona,rent,84,3,0,0
1800,40.433033,-3.673362,Barcelona,rent,95,4,1,0
1295,40.441147,-3.7008567,Barcelona,rent,55,1,1,0
950,40.49585,-3.871473,Barcelona,rent,63,1,1,0
1250,42.810978,-1.6714134,Barcelona,rent,110,3,1,0
1350,40.457047,-3.7087865,Barcelona,rent,48,1,1,0
1500,40.427395,-3.641022,Barcelona,rent,36,1,0,0
2200,40.436497,-3.6827607,Barcelona,rent,134,1,1,0
1500,40.47671,-3.6987474,Barcelona,rent,109,2,1,0
2790,40.46157,-3.6865156,Barcelona,rent,150,3,1,0
1500,39.569553,2.6549976,Barcelona,rent,110,3,1,0
1100,40.42285,-3.6903472,Barcelona,rent,35,0,1,0
920,40.390884,-3.7306888,Barcelona,rent,65,1,1,0
1500,39.477684,-0.3761729,Barcelona,rent,189,4,0,0
1250,41.41155,2.1800413,Barcelona,rent,71,3,1,0
790,39.49368,-0.4664664,Barcelona,rent,60,3,0,0
790,41.12072,1.25231,Barcelona,rent,106,4,1,0
750,36.605255,-5.79848,Barcelona,rent,115,4,1,0
790,40.462803,-3.7043464,Barcelona,rent,56,1,1,0
1550,41.384296,2.1603909,Barcelona,rent,66,2,1,0
800,40.30896,-3.72528,Barcelona,rent,67,3,1,0
900,38.342102,-0.50479937,Barcelona,rent,75,2,1,0
900,40.4097,-3.6690216,Barcelona,rent,47,1,1,0
2200,41.36861,2.141763,Barcelona,rent,100,4,1,0
850,37.172363,-3.605507,Barcelona,rent,100,2,1,0
1200,40.470444,-3.6686683,Barcelona,rent,55,1,1,0
2500,41.38497,2.1738987,Barcelona,rent,78,2,1,0
1890,41.443,2.1816459,Barcelona,rent,80,3,1,0
4500,40.463768,-3.6732337,Barcelona,rent,200,4,0,0
1390,41.372063,2.1644766,Barcelona,rent,47,2,1,0
3500,36.525265,-4.9038134,Barcelona,rent,265,3,1,0
1500,39.318523,2.997891,Barcelona,rent,100,3,0,0
3250,39.83579,3.1203544,Barcelona,rent,330,4,0,0
1400,37.984043,-1.1272635,Barcelona,rent,130,2,1,0
1495,41.383453,2.181199,Barcelona,rent,53,2,0,0
1650,36.7154,-4.4249234,Barcelona,rent,115,3,1,0
850,40.487904,-3.3596044,Barcelona,rent,72,3,1,0
980,42.80324,-1.673359,Barcelona,rent,118,2,1,0
565,37.941452,-1.1161945,Barcelona,rent,73,2,1,0
1500,39.47781,-0.38232684,Barcelona,rent,70,1,0,0
2500,40.426617,-3.6621196,Barcelona,rent,80,2,1,0
3000,40.42883,-3.6767695,Barcelona,rent,134,2,1,0
850,39.421635,-0.3394327,Barcelona,rent,75,2,1,0
2500,40.42744,-3.7080925,Barcelona,rent,111,3,1,0
1200,39.461227,-0.33760852,Barcelona,rent,100,3,1,0
2500,40.42877,-3.714313,Barcelona,rent,160,3,1,0
1700,39.46691,-0.35909674,Barcelona,rent,110,3,1,0
800,37.88861,-4.7811947,Barcelona,rent,92,2,1,0
975,36.80431,-2.5803936,Barcelona,rent,140,4,1,0
1100,39.51919,2.4777792,Barcelona,rent,51,1,1,0
2500,38.37515,-0.41610637,Barcelona,rent,102,3,1,0
4200,40.447083,-3.6873872,Barcelona,rent,213,4,1,0
1025,37.40724,-5.9680467,Barcelona,rent,105,4,1,0
875,36.527935,-6.2898116,Barcelona,rent,92,2,1,0
2100,40.418037,-3.675533,Barcelona,rent,110,3,1,0
1500,36.506416,-4.7888045,Barcelona,rent,168,2,1,0
1650,41.414547,1.9208615,Barcelona,rent,276,4,0,0
1400,39.46175,-0.35016045,Barcelona,rent,99,2,1,0
4200,40.507515,-3.6081889,Barcelona,rent,291,4,1,0
725,42.342655,-7.863997,Barcelona,rent,50,2,1,0
1700,39.48107,-0.32692006,Barcelona,rent,88,2,1,0
960,40.289936,-3.7943006,Barcelona,rent,75,3,1,0
900,41.389256,2.1791613,Barcelona,rent,50,1,1,0
1500,39.458576,-0.3715357,Barcelona,rent,65,2,1,0
800,40.501305,-4.0651207,Barcelona,rent,85,2,0,0
4200,40.46652,-3.7280042,Barcelona,rent,320,5,0,0
3700,40.52412,-3.6446052,Barcelona,rent,260,4,0,0
2200,36.725292,-4.4158893,Barcelona,rent,135,5,1,0
1150,36.712177,-4.428465,Barcelona,rent,60,1,1,0
2000,40.44706,-3.7094378,Barcelona,rent,107,3,1,0
620,38.01942,-1.1796693,Barcelona,rent,102,3,1,0
1200,40.42092,-3.7092557,Barcelona,rent,87,4,1,0
700,37.891853,-4.798482,Barcelona,rent,106,3,1,0
850,40.438046,-3.6374838,Madrid,rent,50,1,1,0
1700,40.44506,-3.700157,Madrid,rent,120,2,1,0
1050,40.37527,-3.62695,Madrid,rent,90,2,1,0
2450,40.427303,-3.6861687,Madrid,rent,90,1,1,0
1500,40.447327,-3.7099147,Madrid,rent,120,2,1,0
2400,40.44613,-3.6998477,Madrid,rent,170,3,1,0
1120,40.485687,-3.652047,Madrid,rent,51,1,1,0
1100,40.42463,-3.6703618,Madrid,rent,50,1,1,0
2600,40.421936,-3.690208,Madrid,rent,34,1,1,0
2900,40.42215,-3.6899562,Madrid,rent,60,1,1,0
5900,40.42334,-3.685865,Madrid,rent,332,5,1,0
2900,40.422333,-3.689928,Madrid,rent,60,1,1,1
3550,40.422207,-3.6898549,Madrid,rent,100,2,1,0
1495,40.485687,-3.652047,Madrid,rent,60,2,1,0
2000,40.452557,-3.7033265,Madrid,rent,180,2,0,0
1450,40.414642,-3.6961176,Madrid,rent,88,3,0,0
1150,40.48107,-3.7307653,Madrid,rent,71,2,1,0
2500,40.45246,-3.6719847,Madrid,rent,366,2,0,0
10000,40.46447,-3.749483,Madrid,rent,630,4,1,0
2400,40.42169,-3.7095253,Madrid,rent,120,2,0,0
1500,40.453884,-3.5882487,Madrid,rent,173,4,1,1
1600,40.466026,-3.7078269,Madrid,rent,45,1,1,0
957,40.358994,-3.7008636,Madrid,rent,78,2,1,1
2300,40.43627,-3.6933415,Madrid,rent,105,2,1,0
1750,40.41549,-3.67243,Madrid,rent,105,3,0,0
1465,40.34011,-3.67954,Madrid,rent,45,1,1,0
1525,40.4856,-3.65159,Madrid,rent,60,2,1,0
1800,40.4224,-3.66528,Madrid,rent,85,1,1,0
1700,40.442,-3.67385,Madrid,rent,60,2,0,0
1700,40.404095,-3.7067125,Madrid,rent,96,2,1,0
1235,40.39781,-3.5531,Madrid,rent,85,2,1,0
1800,40.41259,-3.7012835,Madrid,rent,90,3,1,0
1325,40.39781,-3.5531,Madrid,rent,108,2,1,0
1650,40.41989,-3.710543,Madrid,rent,70,1,1,0
12000,40.42551,-3.6735945,Madrid,rent,415,4,1,0
1600,40.45884,-3.6807947,Madrid,rent,63,2,1,0
1950,40.42783,-3.6887743,Madrid,rent,70,2,1,0
2300,40.431786,-3.720492,Madrid,rent,73,2,1,0
3800,40.435356,-3.6803951,Madrid,rent,163,3,1,0
3850,40.428036,-3.6998923,Madrid,rent,145,3,1,0
2700,40.431606,-3.6948316,Madrid,rent,96,3,1,0
2200,40.467365,-3.6741362,Madrid,rent,132,2,1,0
2900,40.44362,-3.6974537,Madrid,rent,160,3,1,0
2100,40.486618,-3.6654375,Madrid,rent,135,2,1,0
2400,40.43478,-3.7186882,Madrid,rent,90,2,1,0
5850,40.448208,-3.688331,Madrid,rent,350,4,1,0
2500,40.416355,-3.6735356,Madrid,rent,100,3,1,0
940,40.383953,-3.6460845,Madrid,rent,57,2,1,0
1800,40.47144,-3.708371,Madrid,rent,92,2,1,0
2750,40.417824,-3.7109077,Madrid,rent,150,4,1,0
3000,40.425785,-3.694507,Madrid,rent,110,3,1,0
4900,40.444046,-3.6919541,Madrid,rent,218,3,1,0
1700,40.452145,-3.6727512,Madrid,rent,80,2,1,0
3650,40.452248,-3.696132,Madrid,rent,220,3,1,0
930,40.39578,-3.6628537,Madrid,rent,52,2,1,0
2450,40.465546,-3.7849102,Madrid,rent,153,3,1,0
3500,40.454594,-3.6899812,Madrid,rent,272,5,1,0
1800,40.433033,-3.673362,Madrid,rent,95,4,1,0
1295,40.441147,-3.7008567,Madrid,rent,55,1,1,0
1350,40.457047,-3.7087865,Madrid,rent,48,1,1,0
1500,40.427395,-3.641022,Madrid,rent,36,1,0,0
2200,40.436497,-3.6827607,Madrid,rent,134,1,1,0
1500,40.47671,-3.6987474,Madrid,rent,109,2,1,0
2790,40.46157,-3.6865156,Madrid,rent,150,3,1,0
1100,40.42285,-3.6903472,Madrid,rent,35,0,1,0
920,40.390884,-3.7306888,Madrid,rent,65,1,1,0
790,40.462803,-3.7043464,Madrid,rent,56,1,1,0
900,40.4097,-3.6690216,Madrid,rent,47,1,1,0
1200,40.470444,-3.6686683,Madrid,rent,55,1,1,0
4500,40.463768,-3.6732337,Madrid,rent,200,4,0,0
2500,40.426617,-3.6621196,Madrid,rent,80,2,1,0
3000,40.42883,-3.6767695,Madrid,rent,134,2,1,0
2500,40.42744,-3.7080925,Madrid,rent,111,3,1,0
2500,40.42877,-3.714313,Madrid,rent,160,3,1,0
4200,40.447083,-3.6873872,Madrid,rent,213,4,1,0
2100,40.418037,-3.675533,Madrid,rent,110,3,1,0
4200,40.46652,-3.7280042,Madrid,rent,320,5,0,0
2000,40.44706,-3.7094378,Madrid,rent,107,3,1,0
1200,40.42092,-3.7092557,Madrid,rent,87,4,1,0
950,40.38055,-3.6990132,Madrid,rent,68,2,1,0
1415,40.45453,-3.6561024,Madrid,rent,101,2,1,0
990,40.356865,-3.688699,Madrid,rent,56,3,1,0
900,40.404095,-3.7413254,Madrid,rent,56,2,0,0
2300,40.433865,-3.6662176,Madrid,rent,110,2,0,0
1750,40.420986,-3.6637018,Madrid,rent,110,3,1,0
1650,40.459225,-3.6823475,Madrid,rent,64,1,1,0
1150,40.496593,-3.6892064,Madrid,rent,90,2,0,0
1150,40.49671,-3.689197,Madrid,rent,80,2,0,0
2000,40.429142,-3.7153285,Madrid,rent,71,2,1,0
1740,40.462864,-3.6880193,Madrid,rent,86,2,1,0
3150,40.46314,-3.6852396,Madrid,rent,217,4,1,0
3500,40.421333,-3.6899703,Madrid,rent,90,2,1,0
3200,40.441597,-3.6954222,Madrid,rent,160,3,1,0
1505,40.47789,-3.5789855,Madrid,rent,125,2,0,0
1850,40.450867,-3.5998974,Madrid,rent,175,3,1,0
1215,40.356407,-3.594199,Madrid,rent,80,2,1,0
1800,40.467045,-3.6746943,Madrid,rent,81,1,1,0
1025,40.46345,-3.6460187,Madrid,rent,1,1,0,0
1139,40.384853,-3.6639996,Madrid,rent,1,3,0,0
4500,40.43452,-3.66903,Madrid,rent,185,3,1,0
1250,40.41463,-3.7010293,Madrid,rent,38,0,1,0
1100,40.435486,-3.6741455,Madrid,rent,56,1,1,0
990,40.419247,-3.700008,Madrid,rent,46,1,1,0
1600,40.384747,-3.689,Madrid,rent,96,2,1,0
1900,40.436165,-3.6678882,Madrid,rent,69,2,1,0
1500,40.422264,-3.71866,Madrid,rent,79,3,1,0
2000,40.457726,-3.676694,Madrid,rent,86,2,1,0
1950,40.41679,-3.6951187,Madrid,rent,125,1,1,0
3400,40.43283,-3.7015977,Madrid,rent,90,2,1,0
1250,40.44445,-3.5748644,Madrid,rent,90,2,1,0
2500,40.442623,-3.6716466,Madrid,rent,95,3,1,0
1250,40.393585,-3.7577016,Madrid,rent,86,3,1,0
1475,40.45682,-3.7073808,Madrid,rent,93,3,1,0
1250,40.4094,-3.6931639,Madrid,rent,45,2,1,0
2635,40.472584,-3.686599,Madrid,rent,75,2,1,0
1180,40.41043,-3.6610107,Madrid,rent,70,2,1,0
1700,40.430683,-3.671547,Madrid,rent,92,3,1,0
2750,40.44133,-3.6935177,Madrid,rent,209,4,1,0
1700,40.419697,-3.676684,Madrid,rent,56,2,1,0
820,40.4368,-3.6836834,Madrid,rent,30,1,0,0
1295,40.41803,-3.712893,Madrid,rent,80,0,0,0
1350,40.4309,-3.714919,Madrid,rent,60,2,1,0
900,40.416897,-3.7090325,Madrid,rent,30,1,1,0
1350,40.429867,-3.719179,Madrid,rent,1,2,1,0
850,40.46424,-3.7002475,Madrid,rent,40,0,0,0
2100,40.43974,-3.7149377,Madrid,rent,1,4,0,0
845,40.429447,-3.7051582,Madrid,rent,1,0,0,0
750,40.463615,-3.6995282,Madrid,rent,30,0,0,0
2400,40.422615,-3.6933453,Madrid,rent,120,3,1,0
1200,40.4451,-3.5775654,Madrid,rent,92,2,1,0
1650,40.507454,-3.6935847,Madrid,rent,90,3,1,0
3100,40.42632,-3.6836658,Madrid,rent,90,1,1,0
1400,40.43873,-3.6348479,Madrid,rent,71,3,1,0
1500,40.490326,-3.6507423,Madrid,rent,100,3,1,0
1700,40.420033,-3.6760323,Madrid,rent,90,2,1,0
900,40.424324,-3.6769395,Madrid,rent,38,0,1,0
4175,40.453037,-3.6891937,Madrid,rent,280,4,1,0
1206,40.43222,-3.67422,Madrid,rent,30,1,0,0
1325,40.433296,-3.6778886,Madrid,rent,53,1,1,0
1800,40.4605,-3.685858,Madrid,rent,98,2,1,0
2600,40.419235,-3.6776106,Madrid,rent,121,2,1,0
1600,40.45306,-3.680837,Madrid,rent,72,1,1,0
2400,40.47481,-3.742572,Madrid,rent,210,4,1,0
1224,40.45879,-3.78123,Madrid,rent,52,2,0,0
3000,40.42818,-3.6936336,Madrid,rent,122,3,1,0
3400,40.446022,-3.6157956,Madrid,rent,286,5,1,0
950,40.427265,-3.7074885,Madrid,rent,55,1,0,0
1100,40.429962,-3.6494246,Madrid,rent,40,2,1,0
2200,40.46865,-3.7999575,Madrid,rent,70,2,1,1
900,40.436428,-3.6796162,Madrid,rent,36,0,1,0
3800,40.439384,-3.713406,Madrid,rent,108,3,1,0
5000,40.48741,-3.6884081,Madrid,rent,119,1,1,0
2040,40.41825,-3.7021456,Madrid,rent,40,1,0,0
2475,40.426655,-3.6724448,Madrid,rent,124,2,1,0
825,40.4103,-3.7026606,Madrid,rent,30,0,1,0
1700,40.415062,-3.67365,Madrid,rent,90,2,1,0
1800,40.41515,-3.7017684,Madrid,rent,82,2,0,0
2300,40.435978,-3.6987057,Madrid,rent,116,4,1,0
1200,40.443237,-3.674109,Madrid,rent,78,2,1,0
1500,40.41765,-3.6762805,Madrid,rent,70,0,1,0
1150,40.4382,-3.6668885,Madrid,rent,70,2,0,0
1200,40.46249,-3.6972103,Madrid,rent,110,3,0,0
2800,40.446182,-3.699145,Madrid,rent,230,4,1,0
2850,40.426384,-3.693977,Madrid,rent,160,3,1,0
4100,40.42193,-3.67879,Madrid,rent,252,3,1,0
1125,40.43551,-3.621356,Madrid,rent,51,1,1,0
1750,40.406105,-3.6748095,Madrid,rent,95,2,1,0
980,40.43534,-3.6212714,Madrid,rent,40,0,1,0
850,40.425617,-3.7047598,Madrid,rent,35,1,0,0
1300,40.366158,-3.7097807,Madrid,rent,80,2,1,0
1300,40.437244,-3.7163036,Madrid,rent,80,2,1,0
7000,40.45526,-3.6491187,Madrid,rent,600,6,1,0
3900,40.433,-3.717421,Madrid,rent,175,4,1,0
1800,40.42469,-3.6953428,Madrid,rent,50,1,1,0
1900,40.403492,-3.7179153,Madrid,rent,80,2,1,0
2500,40.445152,-3.6993876,Madrid,rent,120,4,1,0
3100,40.410534,-3.6974933,Madrid,rent,110,2,1,0
975,40.427803,-3.7326834,Madrid,rent,40,2,0,0
1850,40.40207,-3.7142746,Madrid,rent,166,4,1,0
2950,40.422764,-3.6756139,Madrid,rent,143,3,1,0
1250,40.41633,-3.70509,Madrid,rent,45,1,1,0
1250,40.45238,-3.659108,Madrid,rent,60,2,1,0
1600,40.438774,-3.6648452,Madrid,rent,102,3,1,0
5400,40.458298,-3.625827,Madrid,rent,400,4,0,0
850,40.46494,-3.7033432,Madrid,rent,38,1,1,0
800,40.404167,-3.7045193,Madrid,rent,31,1,1,0
4605,40.43011,-3.7005503,Madrid,rent,113,3,1,0
2100,40.427837,-3.6853085,Madrid,rent,72,2,1,0
700,40.390797,-3.6474462,Madrid,rent,25,0,0,0
750,40.39816,-3.6701937,Madrid,rent,35,1,0,0
4700,40.456333,-3.669252,Madrid,rent,320,4,1,0
1250,40.44835,-3.6991253,Madrid,rent,55,1,0,0
3000,40.44104,-3.6784117,Madrid,rent,156,4,1,0
2250,40.426373,-3.68487,Madrid,rent,90,2,1,0
1370,40.411633,-3.6965244,Madrid,rent,46,1,1,0
2550,40.43733,-3.6945143,Madrid,rent,102,2,1,0
2200,40.419617,-3.6757452,Madrid,rent,135,4,1,0
1400,40.39561,-3.6962426,Madrid,rent,98,3,1,0
2700,40.40947,-3.6711638,Madrid,rent,179,3,1,0
1900,40.415287,-3.7249014,Madrid,rent,115,3,1,0
4400,40.450657,-3.6095204,Madrid,rent,325,4,0,0
5100,40.43356,-3.6832807,Madrid,rent,186,3,1,0
1500,40.419754,-3.718757,Madrid,rent,81,2,1,0
1400,40.42647,-3.6793742,Madrid,rent,47,1,1,0
1650,40.431355,-3.7122736,Madrid,rent,80,2,1,0
1325,40.41565,-3.7123406,Madrid,rent,49,1,1,0
1100,40.448975,-3.7064433,Madrid,rent,34,0,0,0
1100,40.40204,-3.7444117,Madrid,rent,68,2,0,0
925,40.445766,-3.6707377,Madrid,rent,55,1,1,0
1600,40.424984,-3.6699255,Madrid,rent,100,3,1,0
790,40.402424,-3.6730545,Madrid,rent,40,0,1,0
5250,40.465412,-3.749623,Madrid,rent,600,4,0,1
1550,40.44835,-3.6951768,Madrid,rent,64,1,1,0
5250,40.463726,-3.7505496,Madrid,rent,600,4,0,1
3050,40.4403,-3.694497,Madrid,rent,70,1,0,0
1581,40.397415,-3.5544555,Madrid,rent,91,3,1,1
925,40.359386,-3.587655,Madrid,rent,93,1,1,0
1300,40.424168,-3.7035291,Madrid,rent,41,1,1,0
1800,40.436584,-3.6842175,Madrid,rent,92,2,1,0
1160,40.38853,-3.7042217,Madrid,rent,68,3,0,0
2995,40.460823,-3.623327,Madrid,rent,174,3,1,0
1980,40.419518,-3.704177,Madrid,rent,50,1,0,0
1400,40.40373,-3.713242,Madrid,rent,60,2,0,0
1950,40.429543,-3.6714244,Madrid,rent,80,2,1,0
975,40.344997,-3.691406,Madrid,rent,70,3,1,0
795,40.400406,-3.6629653,Madrid,rent,47,1,1,0
1355,40.47789,-3.5789855,Madrid,rent,80,2,0,0
1340,40.47789,-3.5789855,Madrid,rent,80,2,0,0
1080,40.382782,-3.6708088,Madrid,rent,59,3,1,0
4500,40.463802,-3.6805081,Madrid,rent,304,4,1,0
950,40.474506,-3.7141843,Madrid,rent,70,3,1,0
1270,40.356407,-3.594199,Madrid,rent,80,2,1,0
1280,40.356407,-3.594199,Madrid,rent,80,2,1,0
850,40.41397,-3.728893,Madrid,rent,50,1,0,0
1300,40.42952,-3.6984122,Madrid,rent,52,1,1,0
850,40.465115,-3.7033906,Madrid,rent,38,1,1,0
2100,40.4183,-3.673972,Madrid,rent,123,3,1,0
3100,40.46678,-3.790547,Madrid,rent,224,4,1,0
7900,40.450073,-3.6879253,Madrid,rent,490,5,1,0
1200,40.421497,-3.709637,Madrid,rent,67,1,0,0
1265,40.436253,-3.6156492,Madrid,rent,95,2,1,1
3300,40.42903,-3.6849947,Madrid,rent,171,2,1,0
1200,40.420887,-3.6762307,Madrid,rent,48,1,1,0
3500,40.419785,-3.6746597,Madrid,rent,90,3,1,0
890,40.391373,-3.6456587,Madrid,rent,50,2,0,0
4500,40.42295,-3.6906893,Madrid,rent,100,2,1,0
970,40.42446,-3.6209202,Madrid,rent,52,3,0,0
1900,40.40206,-3.6777685,Madrid,rent,126,3,1,1
2500,40.428276,-3.676804,Madrid,rent,68,2,1,0
1800,40.461105,-3.691297,Madrid,rent,68,1,1,0
3400,40.433205,-3.7077749,Madrid,rent,195,4,1,0
4200,40.453026,-3.6474063,Madrid,rent,250,5,0,1
5800,40.413948,-3.6866562,Madrid,rent,200,3,1,0
2400,40.43745,-3.6865067,Madrid,rent,65,2,1,0
900,40.39049,-3.667485,Madrid,rent,63,2,0,0
2900,40.439457,-3.694536,Madrid,rent,116,0,1,0
1080,40.39011,-3.6680262,Madrid,rent,56,2,0,0
1300,40.43072,-3.7114086,Madrid,rent,59,2,1,0
1352,40.48866,-3.6132493,Madrid,rent,80,2,1,0
1094,40.48883,-3.6130173,Madrid,rent,60,1,1,0
1200,40.41235,-3.733083,Madrid,rent,65,2,1,0
850,40.438694,-3.6981876,Madrid,rent,43,1,1,0
1400,40.401066,-3.755177,Madrid,rent,90,3,1,0
2800,40.46693,-3.6752286,Madrid,rent,163,4,1,0
1400,40.45244,-3.6182096,Madrid,rent,90,2,1,0
850,40.435886,-3.6106143,Madrid,rent,63,3,0,0
1350,40.401066,-3.6946886,Madrid,rent,1,1,1,0
1350,40.401115,-3.6916842,Madrid,rent,45,1,1,0
1300,40.419662,-3.703972,Madrid,rent,70,2,1,0
1250,40.42976,-3.677764,Madrid,rent,40,2,1,0
1617,40.42309,-3.6994507,Madrid,rent,1,1,0,0
850,40.391613,-3.7253962,Madrid,rent,1,3,0,0
950,40.407574,-3.7070398,Madrid,rent,1,1,0,0
800,40.42361,-3.6975462,Madrid,rent,30,0,0,0
600,40.398487,-3.6955128,Madrid,rent,25,0,1,0
1900,40.4149,-3.709237,Madrid,rent,135,2,1,0
1500,40.4549,-3.66276,Madrid,rent,65,1,1,0
1530,40.420525,-3.6976068,Madrid,rent,90,2,1,0
1295,40.428642,-3.6729345,Madrid,rent,58,2,0,0
1400,40.42131,-3.7159286,Madrid,rent,31,2,1,0
870,40.384605,-3.6550117,Madrid,rent,48,2,0,0
1550,40.468132,-3.7675598,Madrid,rent,96,2,1,0
1000,40.424812,-3.6992059,Madrid,rent,25,1,1,0
3300,40.43135,-3.6946993,Madrid,rent,170,3,1,0
6000,40.420708,-3.7003267,Madrid,rent,188,2,1,0
12500,40.434624,-3.6878417,Madrid,rent,352,3,1,0
1500,40.421444,-3.6980386,Madrid,rent,51,1,1,0
3500,40.446835,-3.7002,Madrid,rent,204,4,1,0
4400,40.47111,-3.6760855,Madrid,rent,275,6,1,0
3800,40.423084,-3.700554,Madrid,rent,137,2,1,0
890,40.472523,-3.7118604,Madrid,rent,63,2,1,0
3500,40.448784,-3.6968458,Madrid,rent,177,4,1,0
1190,40.39908,-3.5469398,Madrid,rent,70,2,1,0
1800,40.435944,-3.710091,Madrid,rent,55,1,0,0
670,40.3513,-3.6866102,Madrid,rent,35,0,0,0
1258,40.48886,-3.6132574,Madrid,rent,77,2,1,0
1800,40.408978,-3.6995409,Madrid,rent,1,2,1,0
1400,40.45106,-3.706908,Madrid,rent,1,2,1,0
1800,40.407284,-3.7419765,Madrid,rent,1,4,1,0
825,40.42425,-3.7116222,Madrid,rent,35,1,1,0
1257000,41.40343,2.11709,Barcelona,purchase,127,2,0,1
274000,41.424946,2.206194,Barcelona,purchase,58,2,0,0
357000,41.3661,2.13268,Barcelona,purchase,90,2,1,1
1105000,41.39033,2.16745,Barcelona,purchase,70,2,1,0
790000,41.397682,2.148117,Barcelona,purchase,155,5,1,0
1780000,41.39463,2.1635492,Barcelona,purchase,195,4,1,0
850000,41.39678,2.1425261,Barcelona,purchase,150,5,1,0
655000,41.387646,2.154355,Barcelona,purchase,103,2,1,0
1930000,41.398823,2.138752,Barcelona,purchase,358,7,1,0
1070000,41.403545,2.1400464,Barcelona,purchase,262,4,1,0
2150000,41.398857,2.1386564,Barcelona,purchase,358,5,1,0
4975000,41.39478,2.157695,Barcelona,purchase,335,3,1,0
900000,41.39691,2.154586,Barcelona,purchase,168,4,1,0
440000,41.40876,2.1773217,Barcelona,purchase,93,4,1,0
865000,41.396564,2.1533465,Barcelona,purchase,250,5,1,1
1395000,41.391464,2.1196601,Barcelona,purchase,180,4,1,0
325000,41.428646,2.1826391,Barcelona,purchase,70,2,1,0
725000,41.401566,2.1660895,Barcelona,purchase,140,3,1,0
149900,41.444748,2.1825438,Barcelona,purchase,63,3,0,0
665000,41.406174,2.1417277,Barcelona,purchase,141,5,1,0
250000,41.38122,2.1752899,Barcelona,purchase,50,2,1,0
1150000,41.38976,2.1590111,Barcelona,purchase,207,4,1,0
450000,41.403645,2.154866,Barcelona,purchase,71,2,1,0
580000,41.40569,2.1550815,Barcelona,purchase,96,3,1,0
3050000,41.39564,2.1524184,Barcelona,purchase,300,3,1,0
360000,41.39837,2.175581,Barcelona,purchase,86,3,1,0
570000,41.398247,2.131877,Barcelona,purchase,103,2,1,0
530000,41.39873,2.174788,Barcelona,purchase,85,2,1,0
769000,41.403023,2.1918256,Barcelona,purchase,124,3,1,0
1495000,41.39307,2.1316504,Barcelona,purchase,307,6,1,1
699000,41.378773,2.1538541,Barcelona,purchase,150,5,1,0
1480000,41.390896,2.1203365,Barcelona,purchase,195,3,1,0
395000,41.37501,2.125068,Barcelona,purchase,90,3,1,0
319000,41.403942,2.1826909,Barcelona,purchase,79,3,1,0
410000,41.43565,2.1889625,Barcelona,purchase,83,3,0,0
554000,41.390106,2.1550043,Barcelona,purchase,113,3,0,0
952710,41.383778,2.1610932,Barcelona,purchase,226,5,1,0
327000,41.380245,2.178918,Barcelona,purchase,59,1,0,0
199000,41.421547,2.162747,Barcelona,purchase,134,3,0,0
229000,41.441505,2.1731353,Barcelona,purchase,90,3,0,0
675000,41.415325,2.188757,Barcelona,purchase,160,3,0,0
610000,41.397022,2.125106,Barcelona,purchase,103,4,1,0
480000,41.398865,2.14808,Barcelona,purchase,53,1,1,0
145000,41.444946,2.1830661,Barcelona,purchase,66,3,0,0
340000,41.37963,2.1746607,Barcelona,purchase,77,2,0,0
800000,41.39866,2.1773627,Barcelona,purchase,171,6,1,0
185000,41.42042,2.1545868,Barcelona,purchase,64,3,0,0
140300,41.376698,2.1435068,Barcelona,purchase,31,1,0,0
799000,41.39494,2.166329,Barcelona,purchase,114,4,1,1
389000,41.371796,2.1291885,Barcelona,purchase,97,4,1,0
1500000,41.397034,2.1348088,Barcelona,purchase,210,5,1,0
229000,41.428833,2.1745434,Barcelona,purchase,68,3,1,0
459000,41.428387,2.1799984,Barcelona,purchase,133,4,1,0
249000,41.41961,2.185904,Barcelona,purchase,97,3,1,0
254000,41.404644,2.1678061,Barcelona,purchase,59,3,1,0
495000,41.381046,2.146639,Barcelona,purchase,95,3,1,0
895000,41.394066,2.1228678,Barcelona,purchase,150,3,1,0
655000,41.379253,2.1770165,Barcelona,purchase,119,3,1,0
250000,41.3796,2.16571,Barcelona,purchase,63,2,1,0
575000,41.401207,2.1667964,Barcelona,purchase,115,4,1,0
275000,41.383472,2.1325054,Barcelona,purchase,69,3,1,0
360000,41.41193,2.139727,Barcelona,purchase,65,3,1,0
1150000,41.389362,2.1592796,Barcelona,purchase,207,4,1,0
399000,41.383514,2.1407397,Barcelona,purchase,105,3,1,0
535000,41.3832,2.143656,Barcelona,purchase,103,4,1,0
365000,41.402035,2.1749685,Barcelona,purchase,84,2,1,0
995000,41.384388,2.1452954,Barcelona,purchase,194,5,1,0
550000,41.39376,2.1728678,Barcelona,purchase,90,3,1,0
220000,41.38591,2.1466095,Barcelona,purchase,75,1,1,0
170000,41.376957,2.1227348,Barcelona,purchase,32,1,1,0
270000,41.37953,2.13212,Barcelona,purchase,80,2,1,0
498000,41.376392,2.1182146,Barcelona,purchase,125,4,1,0
435000,41.39778,2.206424,Barcelona,purchase,68,3,1,0
606402,41.40107,2.1418116,Barcelona,purchase,77,2,1,0
450000,41.384693,2.1456847,Barcelona,purchase,103,4,1,0
535000,41.40139,2.13649,Barcelona,purchase,91,3,1,0
349000,41.407547,2.1839137,Barcelona,purchase,82,3,1,0
127000,41.37854,2.16669,Barcelona,purchase,36,2,0,0
345000,41.37381,2.14446,Barcelona,purchase,76,1,1,0
1675000,41.40259,2.133767,Barcelona,purchase,240,4,1,0
449000,41.414062,2.1387765,Barcelona,purchase,80,2,1,0
600000,41.42992,2.191542,Barcelona,purchase,134,3,1,0
1695000,41.395164,2.1416676,Barcelona,purchase,176,3,1,0
720000,41.387573,2.1722782,Barcelona,purchase,166,6,1,0
930000,41.397984,2.1310632,Barcelona,purchase,184,4,1,0
407000,41.43692,2.1806424,Barcelona,purchase,101,3,1,0
595000,41.39741,2.1480033,Barcelona,purchase,119,4,1,1
830000,41.407513,2.20889,Barcelona,purchase,100,4,1,1
860000,41.392956,2.1540754,Barcelona,purchase,86,2,1,0
588000,41.400887,2.1510007,Barcelona,purchase,110,3,1,0
588000,41.400555,2.151156,Barcelona,purchase,110,3,1,0
690000,41.410126,2.158859,Barcelona,purchase,145,4,1,0
550000,41.40672,2.181855,Barcelona,purchase,128,5,1,0
624500,41.386124,2.184675,Barcelona,purchase,107,1,1,0
420000,41.424217,2.189887,Barcelona,purchase,137,6,1,0
350000,41.40381,2.1774392,Barcelona,purchase,57,2,1,0
479077,41.407883,2.164799,Barcelona,purchase,79,2,1,0
275000,41.373585,2.1599717,Barcelona,purchase,64,3,1,0
385000,41.373253,2.1721308,Barcelona,purchase,103,3,1,0
325000,41.379803,2.177861,Barcelona,purchase,81,2,0,0
400000,41.42033,2.1749156,Barcelona,purchase,100,4,0,0
375000,41.383442,2.1311507,Barcelona,purchase,62,3,1,0
84000,41.414963,2.1829352,Barcelona,purchase,40,2,1,0
398000,41.428577,2.1583602,Barcelona,purchase,141,3,0,0
265000,41.425045,2.1895788,Barcelona,purchase,91,3,1,0
1500000,41.406746,2.1387045,Barcelona,purchase,200,4,1,0
380000,41.4059,2.1736782,Barcelona,purchase,57,2,1,0
698000,41.40762,2.1389542,Barcelona,purchase,168,5,1,0
220000,41.38577,2.146621,Barcelona,purchase,71,1,1,0
450000,41.402134,2.149602,Barcelona,purchase,73,2,1,0
1050000,41.392235,2.1384819,Barcelona,purchase,166,3,1,0
790000,41.387993,2.174832,Barcelona,purchase,161,4,1,0
490000,41.38202,2.1452653,Barcelona,purchase,98,4,1,0
540000,41.385345,2.1770945,Barcelona,purchase,88,3,1,0
297000,41.441578,2.1931033,Barcelona,purchase,101,2,1,0
1555000,41.404938,2.2150254,Barcelona,purchase,201,3,1,0
225000,41.423565,2.1489377,Barcelona,purchase,79,3,0,0
399000,41.377388,2.1591434,Barcelona,purchase,85,3,1,0
465500,41.40362,2.1463718,Barcelona,purchase,108,2,1,0
150000,41.423573,2.2041218,Barcelona,purchase,63,2,1,0
146900,41.45977,2.176327,Barcelona,purchase,70,3,1,0
395000,41.40507,2.1733022,Barcelona,purchase,63,2,1,0
397500,41.41109,2.1649613,Barcelona,purchase,104,4,1,0
750000,41.398167,2.14422,Barcelona,purchase,157,4,1,0
350000,41.407795,2.1836877,Barcelona,purchase,90,4,1,0
415000,41.386463,2.156082,Barcelona,purchase,101,3,1,0
2150000,41.398857,2.1388617,Barcelona,purchase,378,5,1,0
235000,41.38381,2.1807415,Barcelona,purchase,50,1,1,0
280000,41.424156,2.1491535,Barcelona,purchase,65,2,1,0
360000,41.37613,2.1170282,Barcelona,purchase,80,3,1,0
220000,41.35979,2.143223,Barcelona,purchase,78,3,1,0
860000,41.39879,2.1586092,Barcelona,purchase,149,3,0,0
670000,41.388195,2.1809866,Barcelona,purchase,106,2,0,0
750000,41.40404,2.134048,Barcelona,purchase,103,2,1,0
470000,41.39529,2.1768403,Barcelona,purchase,80,2,1,0
415000,41.437977,2.1903794,Barcelona,purchase,97,2,1,0
295000,41.370155,2.1284432,Barcelona,purchase,74,3,1,0
1595000,41.391026,2.1766415,Barcelona,purchase,199,4,1,0
199000,41.419968,2.156192,Barcelona,purchase,75,4,0,0
1295000,41.39473,2.116109,Barcelona,purchase,193,5,1,1
410000,41.423126,2.179335,Barcelona,purchase,110,4,1,0
215000,41.41579,2.203835,Barcelona,purchase,63,2,1,0
270000,41.416317,2.2055552,Barcelona,purchase,72,4,1,0
589000,41.436203,2.187769,Barcelona,purchase,153,4,0,0
230000,41.417633,2.1691797,Barcelona,purchase,68,3,1,0
1590000,41.40201,2.1086237,Barcelona,purchase,330,4,0,0
280000,41.443684,2.1830444,Barcelona,purchase,83,3,0,0
645000,41.39644,2.1204252,Barcelona,purchase,94,2,1,0
495000,41.38072,2.1784186,Barcelona,purchase,110,2,1,0
450000,41.423225,2.1509507,Barcelona,purchase,119,3,1,0
280000,41.424446,2.1493435,Barcelona,purchase,65,2,1,0
345000,41.37814,2.1665914,Barcelona,purchase,107,3,0,0
1275000,41.402653,2.1313345,Barcelona,purchase,250,4,1,0
210000,41.38589,2.181287,Barcelona,purchase,38,1,1,0
2600000,41.408188,2.1178641,Barcelona,purchase,211,3,0,0
243000,41.3902,2.1834545,Barcelona,purchase,63,2,1,0
535000,41.40148,2.1366084,Barcelona,purchase,91,3,1,0
567000,41.405384,2.1760566,Barcelona,purchase,134,4,1,0
465000,41.404182,2.134555,Barcelona,purchase,77,3,1,0
142000,41.45266,2.1929314,Barcelona,purchase,72,3,0,0
769000,41.41678,2.2051325,Barcelona,purchase,106,2,1,0
1190000,41.40822,2.1363096,Barcelona,purchase,235,5,1,0
392000,41.387405,2.153121,Barcelona,purchase,76,3,0,0
376000,41.411804,2.1861863,Barcelona,purchase,83,3,1,0
345000,41.419487,2.1509666,Barcelona,purchase,95,3,1,0
1295000,41.39322,2.115355,Barcelona,purchase,193,5,1,0
470000,41.408035,2.151614,Barcelona,purchase,93,4,1,0
325000,41.38435,2.1470003,Barcelona,purchase,68,3,1,0
136000,41.45301,2.1938279,Barcelona,purchase,91,3,0,0
615000,41.40134,2.2109156,Barcelona,purchase,76,2,1,0
195000,41.430367,2.1655145,Barcelona,purchase,72,3,1,0
835000,41.398743,2.1428895,Barcelona,purchase,190,5,1,1
315000,41.40629,2.1761131,Barcelona,purchase,76,3,1,0
790000,41.397682,2.203565,Barcelona,purchase,105,4,1,0
540000,41.383335,2.177919,Barcelona,purchase,105,2,1,0
300000,41.40541,2.1553576,Barcelona,purchase,68,3,1,0
425000,41.38293,2.17919,Barcelona,purchase,133,4,1,0
220000,41.420437,2.1498873,Barcelona,purchase,86,4,0,0
960000,41.383766,2.1712995,Barcelona,purchase,183,3,0,0
915000,41.402706,2.1357758,Barcelona,purchase,204,5,1,0
960000,41.393818,2.1300092,Barcelona,purchase,146,4,1,0
610000,41.40082,2.1399705,Barcelona,purchase,184,2,1,0
1595000,41.3967,2.1412227,Barcelona,purchase,267,5,1,0
182000,41.42287,2.161389,Barcelona,purchase,47,1,0,0
210000,41.41625,2.1636553,Barcelona,purchase,84,4,0,0
89000,41.438087,2.1608138,Barcelona,purchase,86,2,1,0
1190000,41.398804,2.1706855,Barcelona,purchase,167,4,1,0
450000,41.409107,2.1073678,Barcelona,purchase,100,3,0,0
1140000,41.392628,2.141532,Barcelona,purchase,209,5,1,0
540000,41.396954,2.165598,Barcelona,purchase,115,4,1,0
195000,41.420982,2.1992443,Barcelona,purchase,61,2,1,0
980000,41.398937,2.1447701,Barcelona,purchase,220,5,1,0
750000,41.403435,2.1446152,Barcelona,purchase,128,3,1,0
890000,41.387794,2.1270862,Barcelona,purchase,154,4,1,0
1410000,41.40738,2.211348,Barcelona,purchase,170,4,1,0
750000,41.39113,2.176234,Barcelona,purchase,85,1,1,0
189000,41.380234,2.1700466,Barcelona,purchase,64,3,1,0
170000,41.423065,2.2046978,Barcelona,purchase,65,3,1,0
721700,41.41109,2.14008,Barcelona,purchase,202,3,0,0
359000,41.43103,2.1571527,Barcelona,purchase,93,2,0,0
319000,41.394775,2.170415,Barcelona,purchase,79,3,1,0
210000,41.387917,2.1811092,Barcelona,purchase,42,1,1,0
540000,41.43256,2.192253,Barcelona,purchase,146,3,0,0
397500,41.41124,2.1650124,Barcelona,purchase,104,4,1,0
290000,41.38796,2.181237,Barcelona,purchase,107,3,0,0
375000,41.383358,2.1314213,Barcelona,purchase,62,3,1,0
660000,41.386055,2.161094,Barcelona,purchase,140,3,0,0
850000,41.383522,2.1237044,Barcelona,purchase,140,4,1,0
550000,41.39115,2.1553159,Barcelona,purchase,99,4,1,0
129000,41.422756,2.1492229,Barcelona,purchase,65,2,0,0
380000,41.360703,2.135005,Barcelona,purchase,95,3,1,0
2450000,41.401306,2.1282709,Barcelona,purchase,323,4,1,1
945000,41.404686,2.1963804,Barcelona,purchase,140,4,1,0
199900,41.438515,2.2018495,Barcelona,purchase,80,3,1,0
1580000,41.39647,2.1650693,Barcelona,purchase,180,5,1,0
515000,41.419952,2.1753464,Barcelona,purchase,144,4,1,0
350000,41.37901,2.1352072,Barcelona,purchase,48,2,0,0
1290000,41.401005,2.1334517,Barcelona,purchase,202,4,1,0
1790000,41.392437,2.1288395,Barcelona,purchase,200,4,1,0
199900,41.432972,2.1731317,Barcelona,purchase,115,4,0,0
166500,41.444344,2.1854444,Barcelona,purchase,72,3,0,0
255000,41.429207,2.1596563,Barcelona,purchase,78,3,1,0
675000,41.414257,2.1892183,Barcelona,purchase,160,3,0,0
1900000,41.39739,2.131062,Barcelona,purchase,375,7,1,0
2300000,41.39555,2.136877,Barcelona,purchase,327,5,1,0
150000,41.437542,2.2051857,Barcelona,purchase,67,2,0,0
184000,41.42408,2.1516166,Barcelona,purchase,58,3,0,0
149500,41.411045,2.171478,Barcelona,purchase,57,1,1,0
195000,41.438004,2.188326,Barcelona,purchase,63,3,0,0
307000,41.40755,2.1919134,Barcelona,purchase,73,4,1,0
858000,41.393055,2.1667151,Barcelona,purchase,86,2,1,0
299999,41.425003,2.20885,Barcelona,purchase,148,4,1,0
245000,41.42351,2.1494906,Barcelona,purchase,88,4,1,0
430000,41.401016,2.1649363,Barcelona,purchase,92,3,1,0
205000,41.376953,2.1678553,Barcelona,purchase,62,2,1,0
235000,41.401005,2.2037504,Barcelona,purchase,45,2,0,0
895000,41.41061,2.1509056,Barcelona,purchase,187,4,1,0
430000,41.40069,2.1646934,Barcelona,purchase,92,3,1,0
128000,41.36093,2.1415677,Barcelona,purchase,54,1,0,0
380000,41.421745,2.1524448,Barcelona,purchase,160,5,0,0
214000,41.372963,2.139603,Barcelona,purchase,69,1,0,0
965440,41.401554,2.1460905,Barcelona,purchase,226,5,1,0
190000,41.37997,2.1321588,Barcelona,purchase,50,3,0,0
139900,41.433414,2.2059298,Barcelona,purchase,55,2,1,0
550000,41.400417,2.159382,Barcelona,purchase,62,2,1,0
859300,41.39561,2.1607895,Barcelona,purchase,100,2,1,0
97000,41.453995,2.1902118,Barcelona,purchase,50,2,1,0
410000,41.366463,2.1385338,Barcelona,purchase,107,4,1,0
238000,41.41104,2.18425,Barcelona,purchase,60,3,1,0
320000,41.40318,2.1760755,Barcelona,purchase,67,2,1,0
1470000,41.395744,2.1642919,Barcelona,purchase,200,5,1,0
145000,41.373512,2.1673136,Barcelona,purchase,43,2,0,0
498000,41.41277,2.1393993,Barcelona,purchase,107,4,1,0
110000,41.44683,2.1753974,Barcelona,purchase,50,3,0,0
470000,41.4024,2.134424,Barcelona,purchase,80,3,1,0
3200000,41.395992,2.1403346,Barcelona,purchase,350,5,1,0
2750000,41.403122,2.1303627,Barcelona,purchase,305,5,1,0
160900,41.42389,2.149552,Barcelona,purchase,58,3,0,0
1425000,41.38752,2.1317751,Barcelona,purchase,135,2,0,1
880000,41.396645,2.1603045,Barcelona,purchase,150,4,1,0
265000,41.441154,2.1774025,Barcelona,purchase,103,3,1,0
240000,41.44655,2.174283,Barcelona,purchase,114,3,0,0
192000,41.42793,2.1793368,Barcelona,purchase,45,2,1,0
229000,41.438034,2.1743867,Barcelona,purchase,91,3,0,0
415000,41.406902,2.1932774,Barcelona,purchase,96,3,1,0
430000,41.3812,2.1523995,Barcelona,purchase,115,4,1,0
1150000,41.392677,2.1662908,Barcelona,purchase,150,3,1,0
109000,41.421818,2.153268,Barcelona,purchase,35,1,0,0
99000,41.421707,2.1534467,Barcelona,purchase,35,1,0,0
181500,41.426735,2.201017,Barcelona,purchase,69,3,1,0
985000,41.39195,2.1745532,Barcelona,purchase,106,2,1,0
250000,41.422962,2.1526875,Barcelona,purchase,106,3,1,0
159000,41.42108,2.1540248,Barcelona,purchase,69,3,0,0
540000,41.403095,2.1666706,Barcelona,purchase,73,2,1,0
152500,41.378937,2.1638854,Barcelona,purchase,53,2,0,0
295000,41.42856,2.1333528,Barcelona,purchase,65,2,1,0
335000,41.419174,2.1985066,Barcelona,purchase,106,4,1,0
1250000,41.39536,2.1565201,Barcelona,purchase,137,2,1,0
240000,41.368774,2.1434405,Barcelona,purchase,73,3,1,0
375000,41.383717,2.1314886,Barcelona,purchase,62,3,1,0
450000,41.42488,2.1556177,Barcelona,purchase,84,3,1,0
237000,41.424175,2.1869538,Barcelona,purchase,74,3,1,0
168000,41.377148,2.1903076,Barcelona,purchase,35,1,0,0
280000,41.380905,2.1335166,Barcelona,purchase,32,0,1,0
397500,41.411022,2.164776,Barcelona,purchase,104,3,1,0
228000,41.357742,2.1350095,Barcelona,purchase,82,3,1,0
350000,41.378384,2.1733973,Barcelona,purchase,89,3,0,0
400000,41.40873,2.1878426,Barcelona,purchase,107,3,1,0
200000,41.373024,2.1643672,Barcelona,purchase,80,2,0,0
145000,41.442215,2.1815178,Barcelona,purchase,100,4,0,0
1180000,41.41433,2.1473215,Barcelona,purchase,328,6,0,0
180000,41.38019,2.1688132,Barcelona,purchase,76,2,0,0
299900,41.443848,2.1805425,Barcelona,purchase,95,3,1,0
135000,41.42244,2.2061126,Barcelona,purchase,76,3,0,0
260000,41.429546,2.160354,Barcelona,purchase,58,2,1,0
1595000,41.3996,2.1297784,Barcelona,purchase,327,5,1,0
470000,41.39222,2.1527724,Barcelona,purchase,83,3,0,0
149000,41.420227,2.1526275,Barcelona,purchase,62,2,0,0
1200000,41.40788,2.144362,Barcelona,purchase,171,2,0,0
878603,41.4074,2.1473887,Barcelona,purchase,117,3,1,0
375000,40.387665,-3.6939049,Madrid,purchase,73,2,1,0
795000,40.43033,-3.6630507,Madrid,purchase,175,4,1,0
400000,40.410915,-3.6930318,Madrid,purchase,89,2,0,0
5450000,40.42944,-3.6756155,Madrid,purchase,400,3,1,0
630000,40.42421,-3.6700194,Madrid,purchase,131,2,1,0
650000,40.43127,-3.715198,Madrid,purchase,123,3,1,0
650000,40.431282,-3.7154565,Madrid,purchase,123,3,1,0
2600000,40.42065,-3.6897311,Madrid,purchase,247,3,1,0
214000,40.475567,-3.7140818,Madrid,purchase,56,2,1,0
879000,40.436447,-3.681469,Madrid,purchase,76,2,1,0
325000,40.40693,-3.701625,Madrid,purchase,70,2,1,0
222000,40.466026,-3.632154,Madrid,purchase,70,3,1,0
720000,40.42024,-3.7179408,Madrid,purchase,146,4,1,0
117000,40.375217,-3.667531,Madrid,purchase,74,3,0,0
136000,40.407024,-3.6145644,Madrid,purchase,67,2,0,0
279000,40.420383,-3.7178915,Madrid,purchase,47,0,1,0
899000,40.428593,-3.6679068,Madrid,purchase,175,3,1,0
117000,40.375137,-3.667642,Madrid,purchase,74,3,0,0
136000,40.407127,-3.6145015,Madrid,purchase,67,2,0,0
875000,40.478447,-3.7331617,Madrid,purchase,168,4,1,1
1175000,40.413708,-3.712987,Madrid,purchase,173,4,1,0
752248,40.41588,-3.708553,Madrid,purchase,132,3,1,0
140000,40.40448,-3.737858,Madrid,purchase,47,1,1,0
390000,40.404743,-3.703046,Madrid,purchase,81,2,1,0
214000,40.47554,-3.714236,Madrid,purchase,56,2,1,0
262500,40.44465,-3.5892544,Madrid,purchase,63,1,1,0
385000,40.458847,-3.6262994,Madrid,purchase,79,1,1,0
635000,40.416725,-3.6627731,Madrid,purchase,151,4,1,0
222000,40.465855,-3.6319318,Madrid,purchase,70,3,1,0
670000,40.411617,-3.6681006,Madrid,purchase,140,3,1,0
185000,40.45215,-3.7087772,Madrid,purchase,45,1,0,0
145000,40.38507,-3.7152774,Madrid,purchase,62,2,1,0
295000,40.4412,-3.6817503,Madrid,purchase,42,1,0,0
196000,40.425858,-3.7036953,Madrid,purchase,32,1,0,0
1100000,40.41937,-3.6745021,Madrid,purchase,224,5,1,0
410000,40.435795,-3.6728494,Madrid,purchase,146,1,0,0
1760000,40.425426,-3.69572,Madrid,purchase,145,3,1,0
298000,40.442757,-3.6513708,Madrid,purchase,99,3,1,0
225000,40.42668,-3.6657548,Madrid,purchase,35,1,0,0
420000,40.46291,-3.6751018,Madrid,purchase,73,1,1,0
400000,40.405174,-3.7111864,Madrid,purchase,118,3,1,0
550000,40.457443,-3.694897,Madrid,purchase,114,4,1,0
970000,40.43625,-3.69315,Madrid,purchase,74,2,0,0
565000,40.414753,-3.674941,Madrid,purchase,73,2,1,0
1450000,40.41455,-3.6726387,Madrid,purchase,219,6,1,0
359000,40.39373,-3.69408,Madrid,purchase,104,3,1,0
685000,40.436676,-3.7002792,Madrid,purchase,88,2,1,0
185000,40.443596,-3.5844548,Madrid,purchase,54,1,1,0
290000,40.470478,-3.7219844,Madrid,purchase,73,3,1,0
180000,40.40744,-3.7495713,Madrid,purchase,74,3,0,0
205000,40.3792,-3.63311,Madrid,purchase,77,2,0,0
120000,40.38564,-3.65338,Madrid,purchase,59,2,0,0
149000,40.40337,-3.75836,Madrid,purchase,61,3,0,0
620000,40.4311,-3.6654925,Madrid,purchase,138,3,1,0
560000,40.40182,-3.7097235,Madrid,purchase,148,5,1,1
350000,40.438255,-3.6652846,Madrid,purchase,60,1,1,0
510000,40.43398,-3.6725428,Madrid,purchase,83,3,1,0
269000,40.384865,-3.708311,Madrid,purchase,131,3,1,0
900000,40.4308,-3.6677525,Madrid,purchase,155,5,1,0
950000,40.447067,-3.696886,Madrid,purchase,268,5,1,0
470000,40.44723,-3.71561,Madrid,purchase,90,2,1,0
555000,40.497494,-3.6525345,Madrid,purchase,110,3,1,0
389900,40.373642,-3.7652824,Madrid,purchase,100,3,1,0
199000,40.389927,-3.7363474,Madrid,purchase,67,3,1,0
290000,40.46801,-3.63268,Madrid,purchase,89,3,1,0
930000,40.417503,-3.6727815,Madrid,purchase,121,4,1,0
299000,40.435146,-3.6728647,Madrid,purchase,59,2,1,0
950000,40.43328,-3.7041364,Madrid,purchase,125,3,1,0
450000,40.4366,-3.6720335,Madrid,purchase,78,3,0,0
750000,40.43657,-3.695841,Madrid,purchase,105,2,1,0
940500,40.438396,-3.714038,Madrid,purchase,168,3,1,0
269000,40.390533,-3.755559,Madrid,purchase,100,3,1,0
1050000,40.417465,-3.6720884,Madrid,purchase,133,3,1,0
160000,40.405018,-3.7389393,Madrid,purchase,55,2,1,0
1300000,40.438732,-3.7174692,Madrid,purchase,235,4,1,0
3250000,40.438328,-3.6900094,Madrid,purchase,340,5,1,0
495000,40.388214,-3.6910782,Madrid,purchase,109,2,1,0
2690000,40.43384,-3.6944656,Madrid,purchase,275,5,1,0
550000,40.40863,-3.7163959,Madrid,purchase,112,3,1,0
930000,40.44232,-3.7022595,Madrid,purchase,126,3,1,0
550000,40.43639,-3.6765862,Madrid,purchase,69,2,1,0
410000,40.48361,-3.7229135,Madrid,purchase,102,3,1,0
699900,40.40302,-3.6961796,Madrid,purchase,102,3,1,0
165000,40.397873,-3.7338834,Madrid,purchase,66,2,0,0
970000,40.41038,-3.6927273,Madrid,purchase,155,2,1,0
710000,40.412193,-3.6633813,Madrid,purchase,181,5,1,0
450000,40.46382,-3.6365075,Madrid,purchase,90,3,1,0
395000,40.486717,-3.6992216,Madrid,purchase,110,4,1,0
850000,40.44588,-3.6662166,Madrid,purchase,186,3,1,0
219000,40.43756,-3.6464245,Madrid,purchase,70,2,0,0
355000,40.404556,-3.7011616,Madrid,purchase,69,3,1,0
449000,40.39813,-3.6947029,Madrid,purchase,116,3,1,0
425000,40.43116,-3.7127137,Madrid,purchase,69,2,1,0
249000,40.40322,-3.73934,Madrid,purchase,70,3,0,0
485000,40.433228,-3.7233713,Madrid,purchase,108,3,1,0
1890000,40.42699,-3.6846545,Madrid,purchase,136,3,1,0
550000,40.40751,-3.6700406,Madrid,purchase,97,2,1,1
475000,40.44701,-3.7098184,Madrid,purchase,100,3,1,0
1590750,40.4232,-3.6870434,Madrid,purchase,116,3,1,0
1470000,40.419792,-3.7060223,Madrid,purchase,180,4,1,0
160000,40.462086,-3.7057667,Madrid,purchase,42,0,1,0
975000,40.43077,-3.7177083,Madrid,purchase,163,3,1,0
870000,40.435375,-3.7042456,Madrid,purchase,125,3,1,0
675000,40.44182,-3.6800034,Madrid,purchase,91,1,0,0
345000,40.468346,-3.7177706,Madrid,purchase,92,3,1,0
375000,40.40568,-3.6797357,Madrid,purchase,92,3,1,0
685000,40.426365,-3.6708062,Madrid,purchase,166,2,1,0
850000,40.46319,-3.654741,Madrid,purchase,201,2,1,0
4500000,40.427593,-3.6995602,Madrid,purchase,489,7,1,0
350000,40.436153,-3.649385,Madrid,purchase,116,4,1,0
695000,40.431435,-3.7109168,Madrid,purchase,120,4,1,0
2300000,40.432377,-3.6819248,Madrid,purchase,254,4,1,0
1290000,40.490185,-3.727512,Madrid,purchase,235,4,1,0
799000,40.425777,-3.6690423,Madrid,purchase,181,3,1,0
580000,40.39569,-3.6945515,Madrid,purchase,109,3,1,0
875000,40.43455,-3.6997273,Madrid,purchase,100,2,1,0
590000,40.42763,-3.707915,Madrid,purchase,93,2,0,0
575500,40.424706,-3.7101715,Madrid,purchase,80,2,1,0
195000,40.392956,-3.7218015,Madrid,purchase,75,3,1,0
157000,40.46141,-3.71094,Madrid,purchase,50,2,1,0
170000,40.391163,-3.738767,Madrid,purchase,78,3,1,0
2350000,40.420837,-3.6865733,Madrid,purchase,177,2,1,0
1300000,40.43794,-3.7168763,Madrid,purchase,235,4,1,0
3950000,40.42247,-3.6849504,Madrid,purchase,228,4,1,0
1450000,40.450123,-3.6893373,Madrid,purchase,175,3,0,0
250000,40.39911,-3.6604683,Madrid,purchase,77,2,1,0
445000,40.45297,-3.65363,Madrid,purchase,81,2,0,0
420000,40.461674,-3.6743255,Madrid,purchase,73,1,1,0
170000,40.392803,-3.7511108,Madrid,purchase,63,2,1,0
609000,40.435055,-3.6650982,Madrid,purchase,89,2,0,0
1490000,40.458115,-3.6247194,Madrid,purchase,216,4,1,1
1175000,40.43646,-3.6998372,Madrid,purchase,153,4,1,0
730000,40.427334,-3.689066,Madrid,purchase,125,2,1,0
401000,40.43709,-3.64101,Madrid,purchase,87,3,0,0
385000,40.46314,-3.7008753,Madrid,purchase,57,2,1,0
479000,40.50957,-3.6782386,Madrid,purchase,130,4,1,0
750000,40.407097,-3.6777437,Madrid,purchase,109,2,1,1
265000,40.41813,-3.6264923,Madrid,purchase,88,3,1,0
1290000,40.421356,-3.7034507,Madrid,purchase,202,5,1,0
550000,40.436573,-3.6769426,Madrid,purchase,69,2,1,0
595000,40.425827,-3.6704586,Madrid,purchase,111,3,1,0
379000,40.452076,-3.7004695,Madrid,purchase,61,1,1,0
349500,40.404312,-3.6912906,Madrid,purchase,84,4,1,0
625000,40.4865,-3.6906977,Madrid,purchase,184,4,1,0
143000,40.37993,-3.6786306,Madrid,purchase,48,1,1,0
1750000,40.42887,-3.6848195,Madrid,purchase,150,2,1,0
199900,40.394413,-3.6609704,Madrid,purchase,72,2,1,0
385000,40.423195,-3.7068653,Madrid,purchase,75,2,0,0
280000,40.43676,-3.6571507,Madrid,purchase,82,2,1,0
575000,40.441868,-3.6713235,Madrid,purchase,105,3,1,0
233000,40.439217,-3.650976,Madrid,purchase,40,1,1,0
195000,40.372772,-3.7664983,Madrid,purchase,69,1,1,0
226900,40.39359,-3.7607203,Madrid,purchase,80,3,1,0
639000,40.426407,-3.6792638,Madrid,purchase,72,2,1,0
369000,40.477844,-3.6576602,Madrid,purchase,100,4,1,0
995000,40.434776,-3.681186,Madrid,purchase,126,3,1,0
170000,40.36923,-3.6912444,Madrid,purchase,90,3,0,0
990000,40.425503,-3.692433,Madrid,purchase,104,2,1,0
335000,40.366463,-3.602489,Madrid,purchase,153,3,1,0
223000,40.43143,-3.709218,Madrid,purchase,50,1,1,0
323000,40.48829,-3.6714492,Madrid,purchase,95,2,1,0
135000,40.39896,-3.6645784,Madrid,purchase,70,1,1,0
554000,40.437706,-3.7088692,Madrid,purchase,123,4,1,0
550000,40.45587,-3.6764903,Madrid,purchase,64,2,1,0
228000,40.43262,-3.65477,Madrid,purchase,75,2,0,0
465000,40.487854,-3.6508982,Madrid,purchase,110,3,1,0
1340000,40.436897,-3.673643,Madrid,purchase,141,3,1,0
532000,40.48586,-3.6946604,Madrid,purchase,88,2,1,0
325000,40.439045,-3.6977532,Madrid,purchase,91,3,1,0
350000,40.397877,-3.7013474,Madrid,purchase,76,2,1,0
515000,40.408386,-3.6684031,Madrid,purchase,101,3,1,0
300000,40.4564,-3.593405,Madrid,purchase,72,0,1,0
549000,40.495518,-3.6743367,Madrid,purchase,143,3,1,0
235000,40.412586,-3.6987948,Madrid,purchase,53,1,1,0
265000,40.442745,-3.6964333,Madrid,purchase,32,1,1,0
166000,40.409016,-3.7107558,Madrid,purchase,35,1,0,0
450000,40.402187,-3.629715,Madrid,purchase,155,3,1,0
160000,40.43183,-3.6389458,Madrid,purchase,60,2,1,0
214000,40.471706,-3.726363,Madrid,purchase,116,2,1,0
299000,40.46503,-3.7011924,Madrid,purchase,70,2,1,0
320000,40.43775,-3.6396017,Madrid,purchase,101,4,0,0
495000,40.437374,-3.703882,Madrid,purchase,98,3,1,0
550000,40.45366,-3.679624,Madrid,purchase,64,2,1,0
449000,40.423233,-3.6069198,Madrid,purchase,150,3,1,0
330000,40.428642,-3.6030936,Madrid,purchase,88,2,1,0
296000,40.430096,-3.6065593,Madrid,purchase,95,3,1,0
565000,40.493435,-3.6638324,Madrid,purchase,138,2,1,0
250000,40.423775,-3.696907,Madrid,purchase,40,1,0,0
250000,40.38921,-3.701061,Madrid,purchase,103,3,1,0
890000,40.424904,-3.70043,Madrid,purchase,118,3,1,0
990000,40.44173,-3.7127147,Madrid,purchase,212,5,1,0
895000,40.41752,-3.6700408,Madrid,purchase,109,2,1,0
1410000,40.422665,-3.6761024,Madrid,purchase,118,3,1,0
160000,40.401947,-3.6615796,Madrid,purchase,69,2,0,0
365000,40.483055,-3.7093232,Madrid,purchase,81,3,1,0
950000,40.417393,-3.7096217,Madrid,purchase,136,3,1,0
620000,40.43547,-3.676211,Madrid,purchase,98,3,0,0
475000,40.439705,-3.6736262,Madrid,purchase,100,4,1,0
535000,40.48453,-3.6949458,Madrid,purchase,150,4,1,0
170000,40.39832,-3.7454324,Madrid,purchase,75,3,1,0
317000,40.409985,-3.6998494,Madrid,purchase,60,2,1,0
380000,40.434322,-3.7046978,Madrid,purchase,61,2,0,0
1210000,40.42823,-3.6699233,Madrid,purchase,128,3,1,0
235000,40.394184,-3.7094233,Madrid,purchase,63,3,0,0
245000,40.391052,-3.7156272,Madrid,purchase,75,2,0,0
585000,40.468502,-3.6904979,Madrid,purchase,154,2,1,0
180000,40.375587,-3.7533822,Madrid,purchase,115,2,0,0
148000,40.36882,-3.7539685,Madrid,purchase,60,2,0,0
850000,40.421688,-3.6980448,Madrid,purchase,124,2,0,0
220000,40.39654,-3.7628517,Madrid,purchase,76,3,1,0
450000,40.43712,-3.7151134,Madrid,purchase,85,3,1,0
5500000,40.417896,-3.6891007,Madrid,purchase,264,4,1,0
365000,40.469734,-3.590024,Madrid,purchase,104,0,1,0
870000,40.48427,-3.633033,Madrid,purchase,314,3,0,0
354262,40.475258,-3.6764283,Madrid,purchase,79,2,0,0
648000,40.39919,-3.547643,Madrid,purchase,216,4,1,0
310000,40.433075,-3.7146611,Madrid,purchase,60,2,1,0
139900,40.409664,-3.712163,Madrid,purchase,36,1,0,0
435000,40.495846,-3.6567059,Madrid,purchase,101,2,1,0
200000,40.46475,-3.7015328,Madrid,purchase,56,2,0,0
1100000,40.409145,-3.6732936,Madrid,purchase,224,4,1,0
599000,40.41311,-3.7173805,Madrid,purchase,128,3,1,0
169000,40.404915,-3.7415311,Madrid,purchase,64,3,0,0
730000,40.481556,-3.6660445,Madrid,purchase,158,4,1,0
1100000,40.458965,-3.6947968,Madrid,purchase,247,3,1,0
613000,40.42119,-3.6758523,Madrid,purchase,235,4,1,0
1195000,40.444366,-3.7060735,Madrid,purchase,169,3,1,0
920000,40.450672,-3.6528656,Madrid,purchase,217,5,1,0
308000,40.43275,-3.6989968,Madrid,purchase,54,2,1,0
153902,40.407967,-3.7504263,Madrid,purchase,80,3,0,0
165000,40.464405,-3.7137039,Madrid,purchase,69,3,0,0
350000,40.436275,-3.7115433,Madrid,purchase,45,2,1,0
829000,40.415436,-3.7015567,Madrid,purchase,102,3,0,0
875000,40.43867,-3.699309,Madrid,purchase,221,4,1,0
365000,40.42543,-3.6666992,Madrid,purchase,96,2,1,0
220000,40.46925,-3.6999805,Madrid,purchase,47,1,1,0
371000,40.4607,-3.6709652,Madrid,purchase,72,2,1,0
245000,40.412056,-3.7202284,Madrid,purchase,67,2,1,0
665000,40.46011,-3.695468,Madrid,purchase,114,3,1,0
1000000,40.43334,-3.675281,Madrid,purchase,186,5,1,0
259000,40.45313,-3.7089803,Madrid,purchase,87,2,1,0
499900,40.4152,-3.6691842,Madrid,purchase,126,4,1,0
215000,40.463184,-3.7190194,Madrid,purchase,68,2,1,0
567000,40.42876,-3.647669,Madrid,purchase,178,3,1,0
537000,40.47159,-3.6736763,Madrid,purchase,120,2,1,0
299000,40.40019,-3.7037876,Madrid,purchase,51,2,1,0
470000,40.463696,-3.6797998,Madrid,purchase,57,1,1,0
190000,40.398808,-3.639099,Madrid,purchase,75,3,0,0
195000,40.42033,-3.7084985,Madrid,purchase,45,1,0,0
144000,40.427822,-3.6183658,Madrid,purchase,56,2,0,0
520000,40.46361,-3.749086,Madrid,purchase,206,3,0,0
240000,40.389637,-3.7530806,Madrid,purchase,84,2,1,0
950000,40.42175,-3.6998656,Madrid,purchase,167,4,0,0
199900,40.429577,-3.6481657,Madrid,purchase,61,2,0,0
487500,40.492756,-3.7011747,Madrid,purchase,85,3,0,0
224000,40.430103,-3.642659,Madrid,purchase,71,3,0,0
210000,40.421776,-3.6521869,Madrid,purchase,85,3,0,0
230000,40.497856,-3.687417,Madrid,purchase,62,2,0,0
540000,40.406734,-3.6954997,Madrid,purchase,121,3,1,0
735000,40.49374,-3.6188066,Madrid,purchase,120,3,1,0
290000,40.408905,-3.7008939,Madrid,purchase,62,2,0,0
197000,40.477562,-3.70753,Madrid,purchase,53,2,1,0
89990,40.397823,-3.6584158,Madrid,purchase,58,3,0,0
175000,40.386425,-3.743141,Madrid,purchase,84,2,1,0
310000,40.4476,-3.7063766,Madrid,purchase,70,3,0,0
400000,40.457092,-3.5931149,Madrid,purchase,97,2,1,0
880000,40.415394,-3.6642017,Madrid,purchase,167,3,1,0
2990000,40.42744,-3.6763968,Madrid,purchase,330,5,1,0
225000,40.36218,-3.5896273,Madrid,purchase,58,1,1,0
895000,40.43662,-3.696902,Madrid,purchase,80,2,1,0
1050000,40.438965,-3.6728344,Madrid,purchase,259,6,1,0
290000,40.457127,-3.6472018,Madrid,purchase,58,1,1,0
87000,40.34419,-3.7123349,Madrid,purchase,48,2,0,0
215000,40.410427,-3.6984398,Madrid,purchase,45,1,0,0
590000,40.428562,-3.672242,Madrid,purchase,80,2,1,0
209900,40.4102,-3.7270243,Madrid,purchase,81,3,0,0
141000,40.448944,-3.705502,Madrid,purchase,34,2,0,0
136000,40.405785,-3.6133204,Madrid,purchase,61,2,0,0
255000,40.43449,-3.649271,Madrid,purchase,69,2,1,0
154000,40.37887,-3.7729032,Madrid,purchase,66,3,0,0
155000,40.391327,-3.7153463,Madrid,purchase,64,1,0,0
330000,40.392765,-3.723925,Madrid,purchase,103,3,1,0
159000,40.40048,-3.6913097,Madrid,purchase,36,2,0,0
235000,40.40837,-3.7019873,Madrid,purchase,64,2,0,0
165000,40.389595,-3.7089627,Madrid,purchase,80,3,0,0
715000,40.46283,-3.7489362,Madrid,purchase,115,4,0,1
359000,40.466927,-3.7075183,Madrid,purchase,110,2,1,0
349000,40.408546,-3.7107606,Madrid,purchase,63,2,1,0
186500,40.426594,-3.64038,Madrid,purchase,81,3,0,0
195000,40.3865,-3.7069278,Madrid,purchase,101,3,0,0
785000,40.416428,-3.6939187,Madrid,purchase,121,2,1,0
325000,40.425503,-3.6620862,Madrid,purchase,75,2,0,0
148000,40.37559,-3.7410119,Madrid,purchase,65,2,0,0
580000,40.463448,-3.6501443,Madrid,purchase,135,4,0,0
105000,40.39074,-3.6686063,Madrid,purchase,50,3,0,0
455000,40.43453,-3.6725981,Madrid,purchase,74,2,1,0
1070000,40.409187,-3.6713152,Madrid,purchase,182,4,1,0
275000,40.43032,-3.6966789,Madrid,purchase,43,2,0,0
170000,40.387283,-3.710458,Madrid,purchase,79,3,0,0
1520000,40.412464,-3.677269,Madrid,purchase,210,4,1,0
